{"cameraMode":{"drawMode":0,"name":"Shaded","section":"Shading Mode"},"sceneLighting":false,"audioPlay":false,"sceneViewState":{"m_AlwaysRefresh":false,"showFog":true,"showSkybox":false,"showFlares":true,"showImageEffects":true,"showParticleSystems":true,"showVisualEffectGraphs":true,"m_FxEnabled":true},"in2DMode":false,"pivot":{"x":0.36111998558044436,"y":-0.06879711151123047,"z":12.653465270996094},"rotation":{"x":-0.07821771502494812,"y":-0.018843598663806917,"z":0.0014827866107225419,"w":-0.9967857599258423},"size":4.719409465789795,"orthographic":false}